id;first_name;last_name;email;address;phone;mobile_phone
1;Fulbert;Laurent;Judith.Renault@yahoo.fr;hacking architecture;+33 287346825;Pants Account Centre
2;Antonin;Laine;Naudet.Legrand61@hotmail.fr;d'Argenteuil indigo Self-enabling;0452509076;Books
3;Germaine;Fontaine;Hubert.Henry37@hotmail.fr;JSON array;+33 128600232;users
4;Raphaëlle;David;Bndicte.Rodriguez@hotmail.fr;c Bedfordshire;+33 182689226;Account cross-platfo
5;Xavière;Renaud;Arthaud.Leclercq@hotmail.fr;asynchronous Ergonomic d'Orsel;+33 279382931;gold programming byp
6;Philibert;Lefevre;Clara.Guerin@yahoo.fr;monetize;0676969957;up Hat panel
7;Isabelle;Simon;Amaliane40@hotmail.fr;Huchette metrics Bike;+33 574903669;e-markets
8;Albert;Masson;Nhmie_Legall61@yahoo.fr;Dong haptic CFP;0630696531;pixel
9;Fabrice;Meunier;Aimable.Prevost@hotmail.fr;synthesizing Bedfordshire;0470629511;24
10;Christodule;Colin;ve32@hotmail.fr;Borders efficient Loan;+33 121912684;bypass
