id;language;currency;time_zone
1;Oman deploy SQL;partnerships Soft;streamline invoice cyan
2;Iraqi;Honduras back;open-source
3;synthesize;Ball hack;card Fish Home
4;reboot;optical;Basse-Normandie la
5;deposit Checking Tuna;des;Tadjikistan a Card
6;user-facing Ergonomic;proactive Kids;firmware payment
7;Metal Bike Saint-Denis;Cotton;b Chips
8;Rubber;Expanded Fantastic calculating;syndicate streamline blue
9;groupware;Plastic Incredible;synthesizing
10;Auto;Bourgogne Buckinghamshire;Health ADP Uganda
